query,value,keyword_searched,query_type,geo,timeframe
new product development,100,new product,top,IN,today 3-m
new product launch,66,new product,top,IN,today 3-m
new product in market,61,new product,top,IN,today 3-m
new product ideas,28,new product,top,IN,today 3-m
what is new product development,27,new product,top,IN,today 3-m
new product development process,24,new product,top,IN,today 3-m
apple new product,14,new product,top,IN,today 3-m
marketing strategy for new product,13,new product,top,IN,today 3-m
new product launch in india,7,new product,top,IN,today 3-m
stages of new product development,5,new product,top,IN,today 3-m
ola new product,3,new product,top,IN,today 3-m
skims new product,1,new product,top,IN,today 3-m
product launch strategy,100,product launch,top,IN,today 3-m
apple product launch,96,product launch,top,IN,today 3-m
product launch video,96,product launch,top,IN,today 3-m
product launch event,78,product launch,top,IN,today 3-m
product launch meaning,77,product launch,top,IN,today 3-m
new product launch in india,66,product launch,top,IN,today 3-m
product launch ideas,48,product launch,top,IN,today 3-m
product hunt,32,product launch,top,IN,today 3-m
product launch poster,31,product launch,top,IN,today 3-m
new product launch ideas,16,product launch,top,IN,today 3-m
product launch ideas for students,6,product launch,top,IN,today 3-m
trends in ai,100,AI trends,top,IN,today 3-m
google trends,51,AI trends,top,IN,today 3-m
latest ai trends,29,AI trends,top,IN,today 3-m
recent ai trends,19,AI trends,top,IN,today 3-m
chatgpt ai,13,AI trends,top,IN,today 3-m
google gemini ai,12,AI trends,top,IN,today 3-m
gemini ai photo,8,AI trends,top,IN,today 3-m
smart wearable technology,100,wearable technology,top,IN,today 3-m
wearable technology trends,28,wearable technology,top,IN,today 3-m
wearable technology meaning,24,wearable technology,top,IN,today 3-m
future of wearable technology,18,wearable technology,top,IN,today 3-m
electric vehicle price,100,electric vehicle,top,IN,today 3-m
electric vehicle in india,90,electric vehicle,top,IN,today 3-m
electric vehicle battery,65,electric vehicle,top,IN,today 3-m
electric vehicle car,51,electric vehicle,top,IN,today 3-m
electric vehicles,50,electric vehicle,top,IN,today 3-m
electric scooter,50,electric vehicle,top,IN,today 3-m
electric vehicle scooter,50,electric vehicle,top,IN,today 3-m
best electric vehicle,38,electric vehicle,top,IN,today 3-m
electric bike,32,electric vehicle,top,IN,today 3-m
electric vehicle bike,32,electric vehicle,top,IN,today 3-m
tata electric vehicle,31,electric vehicle,top,IN,today 3-m
hybrid electric vehicle,30,electric vehicle,top,IN,today 3-m
electric vehicle subsidy,27,electric vehicle,top,IN,today 3-m
electric vehicle two wheeler,26,electric vehicle,top,IN,today 3-m
electric vehicle gst,24,electric vehicle,top,IN,today 3-m
electric vehicle technology,23,electric vehicle,top,IN,today 3-m
ola electric vehicle,22,electric vehicle,top,IN,today 3-m
ola electric,22,electric vehicle,top,IN,today 3-m
electric vehicle charging station,22,electric vehicle,top,IN,today 3-m
mahindra electric vehicle,21,electric vehicle,top,IN,today 3-m
electrical vehicle,19,electric vehicle,top,IN,today 3-m
electric commercial vehicle,16,electric vehicle,top,IN,today 3-m
electric scooter price,16,electric vehicle,top,IN,today 3-m
tvs electric vehicle,14,electric vehicle,top,IN,today 3-m
electric vehicle course,14,electric vehicle,top,IN,today 3-m
sustainable fashion brands,100,sustainable fashion,top,IN,today 3-m
sustainable brands,94,sustainable fashion,top,IN,today 3-m
sustainable fashion brand,74,sustainable fashion,top,IN,today 3-m
fast fashion,68,sustainable fashion,top,IN,today 3-m
what is sustainable fashion,58,sustainable fashion,top,IN,today 3-m
sustainability,52,sustainable fashion,top,IN,today 3-m
sustainable clothing,49,sustainable fashion,top,IN,today 3-m
sustainable fashion meaning,42,sustainable fashion,top,IN,today 3-m
sustainable fashion brands india,29,sustainable fashion,top,IN,today 3-m
sustainable fashion brands in india,16,sustainable fashion,top,IN,today 3-m
fast fashion vs sustainable fashion,15,sustainable fashion,top,IN,today 3-m
google scholar,12,sustainable fashion,top,IN,today 3-m
sustainable fashion certificate,7,sustainable fashion,top,IN,today 3-m
sustainable fashion tech,3,sustainable fashion,top,IN,today 3-m
asia pacific agri food innovation summit,100,food innovation,top,IN,today 3-m
medtech india,100,medtech,top,IN,today 3-m
nebulizer,83,medtech,top,IN,today 3-m
medtech nebulizer,81,medtech,top,IN,today 3-m
medtech company,44,medtech,top,IN,today 3-m
healthium medtech,43,medtech,top,IN,today 3-m
india medtech expo,25,medtech,top,IN,today 3-m
medtech companies,24,medtech,top,IN,today 3-m
medtech expo 2025,23,medtech,top,IN,today 3-m
medtech handyneb,20,medtech,top,IN,today 3-m
medtech nebulizer price,17,medtech,top,IN,today 3-m
medtech handyneb nebulizer,17,medtech,top,IN,today 3-m
advanced medtech solutions,17,medtech,top,IN,today 3-m
india medtech expo 2025,16,medtech,top,IN,today 3-m
medtech nebulizer machine,16,medtech,top,IN,today 3-m
medtech oximeter,14,medtech,top,IN,today 3-m
medtech meaning,13,medtech,top,IN,today 3-m
what is medtech,13,medtech,top,IN,today 3-m
johnson and johnson,12,medtech,top,IN,today 3-m
johnson and johnson medtech,11,medtech,top,IN,today 3-m
healthium medtech limited,11,medtech,top,IN,today 3-m
medtech bp monitor,10,medtech,top,IN,today 3-m
maha medtech mission,8,medtech,top,IN,today 3-m
medtech nebulizer machine price,5,medtech,top,IN,today 3-m
medtech vaporizer,5,medtech,top,IN,today 3-m
medtech oxymeter,1,medtech,top,IN,today 3-m
smart tv,100,smart device,top,IN,today 3-m
smart tv device,99,smart device,top,IN,today 3-m
smart home device,64,smart device,top,IN,today 3-m
smart devices,49,smart device,top,IN,today 3-m
smart switch,35,smart device,top,IN,today 3-m
smart device for tv,25,smart device,top,IN,today 3-m
smart device link toyota,17,smart device,top,IN,today 3-m
find my device,14,smart device,top,IN,today 3-m
smart speaker,12,smart device,top,IN,today 3-m
samsung smart switch,10,smart device,top,IN,today 3-m
streaming device,10,smart device,top,IN,today 3-m
alexa,10,smart device,top,IN,today 3-m
smart plug,8,smart device,top,IN,today 3-m
smart ring,6,smart device,top,IN,today 3-m
google find my device,4,smart device,top,IN,today 3-m
amazon fire stick,3,smart device,top,IN,today 3-m
wireless bluetooth headphones,100,bluetooth headphones,top,IN,today 3-m
headphones wireless,100,bluetooth headphones,top,IN,today 3-m
wireless headphones,100,bluetooth headphones,top,IN,today 3-m
bluetooth headphones boat,66,bluetooth headphones,top,IN,today 3-m
boat bluetooth headphones,66,bluetooth headphones,top,IN,today 3-m
how to connect bluetooth headphones,60,bluetooth headphones,top,IN,today 3-m
sony bluetooth headphones,49,bluetooth headphones,top,IN,today 3-m
sony headphones,49,bluetooth headphones,top,IN,today 3-m
best bluetooth headphones,49,bluetooth headphones,top,IN,today 3-m
best headphones,48,bluetooth headphones,top,IN,today 3-m
bluetooth headphones price,43,bluetooth headphones,top,IN,today 3-m
earphones,37,bluetooth headphones,top,IN,today 3-m
bluetooth earphones,36,bluetooth headphones,top,IN,today 3-m
earbuds,35,bluetooth headphones,top,IN,today 3-m
noise bluetooth headphones,34,bluetooth headphones,top,IN,today 3-m
bluetooth earbuds,33,bluetooth headphones,top,IN,today 3-m
bluetooth headphone,32,bluetooth headphones,top,IN,today 3-m
headphone,30,bluetooth headphones,top,IN,today 3-m
wired headphones,28,bluetooth headphones,top,IN,today 3-m
jbl headphones,27,bluetooth headphones,top,IN,today 3-m
jbl bluetooth headphones,27,bluetooth headphones,top,IN,today 3-m
jbl,27,bluetooth headphones,top,IN,today 3-m
bluetooth headphones with mic,24,bluetooth headphones,top,IN,today 3-m
bluetooth headset,24,bluetooth headphones,top,IN,today 3-m
bluetooth over ear headphones,23,bluetooth headphones,top,IN,today 3-m
smartwatch deals,100,smartwatch,top,IN,today 3-m
smartwatch watch,6,smartwatch,top,IN,today 3-m
watch,6,smartwatch,top,IN,today 3-m
smart watch,3,smartwatch,top,IN,today 3-m
yoga mat deals,3,smartwatch,top,IN,today 3-m
speakers,3,smartwatch,top,IN,today 3-m
bluetooth speakers,3,smartwatch,top,IN,today 3-m
best smartwatch,3,smartwatch,top,IN,today 3-m
boat smartwatch,2,smartwatch,top,IN,today 3-m
noise smartwatch,2,smartwatch,top,IN,today 3-m
noise,2,smartwatch,top,IN,today 3-m
fire boltt,1,smartwatch,top,IN,today 3-m
fire boltt smartwatch,1,smartwatch,top,IN,today 3-m
laptop bag deals,1,smartwatch,top,IN,today 3-m
smartwatch for men,1,smartwatch,top,IN,today 3-m
smartwatch samsung,1,smartwatch,top,IN,today 3-m
android smartwatch,1,smartwatch,top,IN,today 3-m
fastrack smartwatch,1,smartwatch,top,IN,today 3-m
fastrack,1,smartwatch,top,IN,today 3-m
fire-boltt smartwatch,1,smartwatch,top,IN,today 3-m
fire-boltt,1,smartwatch,top,IN,today 3-m
apple smartwatch,1,smartwatch,top,IN,today 3-m
smartwatch for women,1,smartwatch,top,IN,today 3-m
pebble smartwatch,1,smartwatch,top,IN,today 3-m
boult,1,smartwatch,top,IN,today 3-m
digital marketing,100,digital health,top,IN,today 3-m
digital health card,56,digital health,top,IN,today 3-m
digital health mission,48,digital health,top,IN,today 3-m
digital health news,40,digital health,top,IN,today 3-m
altera digital health,32,digital health,top,IN,today 3-m
digital health journal,27,digital health,top,IN,today 3-m
national digital health mission,25,digital health,top,IN,today 3-m
digital health courses,25,digital health,top,IN,today 3-m
thryve digital health llp,21,digital health,top,IN,today 3-m
ayushman digital health mission,14,digital health,top,IN,today 3-m
global digital health summit,13,digital health,top,IN,today 3-m
lupin digital health,10,digital health,top,IN,today 3-m
what is generative ai,100,generative AI,top,IN,today 3-m
what is ai,100,generative AI,top,IN,today 3-m
generative ai course,90,generative AI,top,IN,today 3-m
google generative ai,76,generative AI,top,IN,today 3-m
generative ai certification,43,generative AI,top,IN,today 3-m
agentic ai,30,generative AI,top,IN,today 3-m
generative ai tools,29,generative AI,top,IN,today 3-m
ai vs generative ai,27,generative AI,top,IN,today 3-m
google generative ai course,26,generative AI,top,IN,today 3-m
image generative ai,25,generative AI,top,IN,today 3-m
gen ai,25,generative AI,top,IN,today 3-m
llm,24,generative AI,top,IN,today 3-m
generative ai course free,24,generative AI,top,IN,today 3-m
generative ai courses,22,generative AI,top,IN,today 3-m
generative ai leader,19,generative AI,top,IN,today 3-m
generative fill ai,18,generative AI,top,IN,today 3-m
generative fill,18,generative AI,top,IN,today 3-m
difference between ai and generative ai,17,generative AI,top,IN,today 3-m
generative ai meaning,17,generative AI,top,IN,today 3-m
gemini generative ai,16,generative AI,top,IN,today 3-m
aws generative ai,16,generative AI,top,IN,today 3-m
generative ai examples,15,generative AI,top,IN,today 3-m
what is a prompt in generative ai,14,generative AI,top,IN,today 3-m
google generative ai certification,12,generative AI,top,IN,today 3-m
introduction to generative ai,12,generative AI,top,IN,today 3-m
best ai chatbots,100,AI chatbots,top,IN,today 3-m
ai chatbot,99,AI chatbots,top,IN,today 3-m
chatbot,99,AI chatbots,top,IN,today 3-m
what is ai,87,AI chatbots,top,IN,today 3-m
top ai chatbots,47,AI chatbots,top,IN,today 3-m
claude,20,AI chatbots,top,IN,today 3-m
claude ai,19,AI chatbots,top,IN,today 3-m
grok,15,AI chatbots,top,IN,today 3-m
nectar ai,0,AI chatbots,top,IN,today 3-m
what is quantum,100,quantum computing,top,IN,today 3-m
what is quantum computing,100,quantum computing,top,IN,today 3-m
quantum computing india,99,quantum computing,top,IN,today 3-m
quantum ai,78,quantum computing,top,IN,today 3-m
quantum computing in india,56,quantum computing,top,IN,today 3-m
quantum computer,47,quantum computing,top,IN,today 3-m
quantum computing course,46,quantum computing,top,IN,today 3-m
quantum meaning,40,quantum computing,top,IN,today 3-m
quantum computing meaning,39,quantum computing,top,IN,today 3-m
quantum computing technology,38,quantum computing,top,IN,today 3-m
quantum computing pdf,33,quantum computing,top,IN,today 3-m
ibm quantum computing,32,quantum computing,top,IN,today 3-m
ibm quantum,32,quantum computing,top,IN,today 3-m
ibm,32,quantum computing,top,IN,today 3-m
quantum computing google,29,quantum computing,top,IN,today 3-m
quantum physics,29,quantum computing,top,IN,today 3-m
quantum computing stock,25,quantum computing,top,IN,today 3-m
ai and quantum computing,23,quantum computing,top,IN,today 3-m
quantum computing courses,22,quantum computing,top,IN,today 3-m
quantum computing applications,22,quantum computing,top,IN,today 3-m
quantum computing companies,20,quantum computing,top,IN,today 3-m
quantum computing jobs,20,quantum computing,top,IN,today 3-m
quantum computing stocks,20,quantum computing,top,IN,today 3-m
machine learning,19,quantum computing,top,IN,today 3-m
quantum mechanics,17,quantum computing,top,IN,today 3-m
eco friendly products list,100,eco friendly products,top,IN,today 3-m
eco friendly products in india,100,eco friendly products,top,IN,today 3-m
what is eco friendly products,71,eco friendly products,top,IN,today 3-m
eco friendly cleaning products,65,eco friendly products,top,IN,today 3-m
eco friendly products examples,58,eco friendly products,top,IN,today 3-m
eco friendly home products,55,eco friendly products,top,IN,today 3-m
eco friendly products project,35,eco friendly products,top,IN,today 3-m
list of eco friendly products,27,eco friendly products,top,IN,today 3-m
eco friendly products for students,27,eco friendly products,top,IN,today 3-m
